Customer,Order Value,Order Date,Product,Supplier
Alpha Traders,245000,2026-01-12,Industrial Pumps,Acme Supplies
Alpha Traders,310000,2026-02-18,Industrial Pumps,Acme Supplies
Beta Engineering,185000,2026-01-20,Control Panels,Volt Systems
Beta Engineering,95000,2026-03-02,Cables,Volt Systems
Gamma Industries,520000,2026-02-10,Industrial Motors,Prime Components
Delta Manufacturing,76000,2026-03-15,Bearings,Acme Supplies
Epsilon Works,410000,2026-01-08,Industrial Motors,Prime Components
Zeta Enterprises,125000,2026-02-25,Safety Equipment,SafePro
Eta Fabrication,285000,2026-03-11,Control Panels,Volt Systems
Theta Retail,54000,2026-03-22,Cables,Volt Systems
